{"cameraMode":{"drawMode":0,"name":"Shaded","section":"Shading Mode"},"sceneLighting":true,"audioPlay":false,"sceneViewState":{"m_AlwaysRefresh":false,"showFog":true,"showSkybox":true,"showFlares":true,"showImageEffects":true,"showParticleSystems":true,"showVisualEffectGraphs":true,"m_FxEnabled":true},"in2DMode":false,"pivot":{"x":10.802989959716797,"y":1.8491661548614503,"z":-3.6163835525512697},"rotation":{"x":0.02335084229707718,"y":0.8818114995956421,"z":-0.04398021474480629,"w":0.46919405460357668},"size":15.51756763458252,"orthographic":false}